"player","position","team","bye_week","points","sd_pts","dropoff","floor","ceiling","points_vor","floor_vor","ceiling_vor","rank","floor_rank","ceiling_rank","position_rank","tier","age","adp","aav","uncertainty","experience"
"Jonathan Taylor","RB","IND",14,320,30.5,29.2,278,362,162,148,182,1,1,2,1,"1",27,1.24,63.9,51,2
"Christian McCaffrey","RB","CAR",13,291,42.5,11,237,363,133,107,184,2,5,1,2,"1",30,3.68,61.4,82,5
"Cooper Kupp","WR","LAR",7,298,31.3,34.9,258,353,132,125,158,3,2,3,1,"1",33,5.53,53.4,58,5
"Derrick Henry","RB","TEN",6,280,30.4,0.697,243,328,122,113,149,4,4,4,3,"1",32,4.89,55.7,61,6
"Austin Ekeler","RB","LAC",8,279,25.6,21.5,247,317,121,117,138,5,3,5,4,"2",NA,4.67,57.6,32,NA
"Travis Kelce","TE","KC",8,231,31.5,18.3,185,273,111,78.5,131,6,15,6,1,"1",36,16.3,43,83,9
"Josh Allen","QB","BUF",7,413,15.6,31,391,432,99.8,103,89.1,7,7,18,1,"1",30,18.1,40.1,1,4
"Dalvin Cook","RB","MIN",7,258,27.6,5.31,221,297,99.7,90.9,117,8,12,7,5,"2",31,6.96,56.1,46,5
"Justin Jefferson","WR","MIN",7,263,20,7.05,238,295,97.4,105,99.8,9,6,9,2,"1",27,6.57,52.2,10,2
"Najee Harris","RB","PIT",9,252,28.8,0.935,207,293,94.4,77.6,113,10,16,8,6,"2",28,8.83,49.2,59,1
"Joe Mixon","RB","CIN",10,251,16.8,3.43,229,276,93.4,98.9,96.9,11,9,10,7,"3",30,11.2,49.4,6,5
"Mark Andrews","TE","BAL",10,213,15.7,40.4,192,239,92.7,85.4,96.8,12,13,11,2,"2",31,24.7,30.8,3,4
"Ja'Marr Chase","WR","CIN",10,256,20.4,7.12,235,291,90.3,103,96.7,13,8,12,3,"1",26,9.78,48.4,15,1
"Alvin Kamara","RB","NO",14,248,15,6.08,226,271,90,96.2,92.1,14,10,17,8,"3",31,15.5,44.7,3,5
"Leonard Fournette","RB","TB",11,242,12.3,7.2,225,262,83.9,94.8,82.4,15,11,20,9,"3",30,22.8,38.7,1,5
"Davante Adams","WR","LVR",6,249,28.8,7.06,206,288,83.2,74.1,92.9,16,19,15,4,"2",33,14.3,45.7,49,8
"Aaron Jones","RB","GB",14,235,26.4,2.12,207,272,76.7,77,92.5,17,18,16,10,"3",31,18.5,41.7,44,5
"Deebo Samuel","WR","SF",9,242,23.9,4.22,204,269,76.1,71.3,74.6,18,22,22,5,"2",30,20.6,34.8,46,3
"Saquon Barkley","RB","NYG",9,233,25.4,3.16,203,267,74.6,73.5,87.9,19,20,19,11,"4",29,19.3,45.1,45,4
"Stefon Diggs","WR","BUF",7,238,19,12,215,259,71.9,82.3,64.2,20,14,28,6,"3",32,14.6,42.3,4,7
"D'Andre Swift","RB","DET",6,229,30.6,3.58,186,274,71.4,56,94.5,21,29,13,12,"4",27,16.7,41.1,65,2
"Patrick Mahomes","QB","KC",8,382,14.1,12.6,362,399,68.8,73.1,56.7,22,21,32,2,"1",30,31.8,29.5,6,5
"Nick Chubb","RB","CLE",9,226,36.9,2.04,176,273,67.9,45.9,93.8,23,36,14,13,"4",30,15.7,43.8,77,4
"Javonte Williams","RB","DEN",9,224,18.7,2.06,207,261,65.8,77.5,81.8,24,17,21,14,"4",26,22.8,36.2,14,1
"James Conner","RB","ARI",13,222,20,7.19,190,252,63.8,60,72.7,25,25,23,15,"4",31,30.5,32.5,18,5
"CeeDee Lamb","WR","DAL",9,226,29.7,2.15,172,260,59.9,39.3,64.9,26,44,27,7,"3",27,21.7,35.8,56,2
"Tyreek Hill","WR","MIA",11,224,15.2,4.22,201,244,57.8,68.9,49.1,27,23,34,8,"3",32,23.9,37.1,1,6
"Ezekiel Elliott","RB","DAL",9,215,23.1,1.36,179,246,56.6,48.7,66.5,28,34,24,16,"4",31,28.7,32.7,28,6
"Justin Herbert","QB","LAC",8,369,14.9,16.9,347,396,56.2,58.7,53.3,29,26,33,3,"2",28,34.7,26.7,3,2
"David Montgomery","RB","CHI",14,213,19.5,15.3,190,244,55.2,60.6,64.9,30,24,26,17,"5",29,37.6,21.8,23,3
"Mike Evans","WR","TB",11,219,19.2,9.08,188,241,53.6,55.3,46.5,31,30,37,9,"3",33,26.3,34.2,17,8
"Darren Waller","TE","LVR",6,173,20,0.96,152,208,52.3,45.6,66,32,37,25,3,"3",33,50.1,17.3,34,7
"Kyle Pitts","TE","ATL",14,172,18.2,8.11,150,205,51.3,43.2,62.3,33,40,30,4,"3",25,36,24.2,17,1
"A.J. Brown","WR","PHI",7,210,22.6,5.52,183,243,44.5,51.1,48.4,34,33,35,10,"4",29,31.8,28.1,35,3
"George Kittle","TE","SF",9,163,20.7,7.54,141,201,43.2,34.5,59,35,47,31,5,"4",32,44.7,18.6,46,5
"Elijah Mitchell","RB","SF",9,198,15.2,1.52,181,225,39.9,51.4,45.2,36,32,39,18,"5",56,49.3,21.9,8,1
"Jalen Hurts","QB","PHI",7,352,22.2,0.564,329,389,39.4,40.7,46.1,37,43,38,4,"2",28,54.2,17.9,28,2
"Tee Higgins","WR","CIN",10,205,10.7,0.128,189,219,39,56.8,24.4,38,28,58,11,"4",27,36.4,25.2,1,2
"Lamar Jackson","QB","BAL",10,352,21,4.68,320,379,38.8,31.2,36.4,40,52,45,5,"2",29,43.1,24.4,8,4
"Keenan Allen","WR","LAC",8,205,15.5,2.01,190,231,38.8,57.3,36.4,39,27,46,12,"4",34,31.7,29.9,11,9
"Travis Etienne","RB","JAC",11,196,20.3,4.84,173,224,38.3,43.4,45.2,41,39,40,19,"5",27,44.6,19.7,21,1
"Michael Pittman","WR","IND",14,203,14.9,4.76,187,226,36.8,54.6,31.2,42,31,50,13,"4",28,35.8,27.7,8,2
"Dalton Schultz","TE","DAL",9,156,13,7.88,138,174,35.7,31.8,31.2,43,51,51,6,"4",30,65.2,13.6,1,4
"Kyler Murray","QB","ARI",13,347,18,6.26,318,370,34.1,29.3,26.9,44,56,55,6,"3",29,56.7,19.2,14,3
"Josh Jacobs","RB","LVR",6,192,23.2,6.82,158,227,33.5,27.9,47.9,45,58,36,20,"6",28,47.6,19.5,48,3
"Brandin Cooks","WR","HOU",6,198,14.4,0.592,173,214,32.1,40.9,19,46,42,69,14,"4",32,63.5,13.3,13,8
"Diontae Johnson","WR","PIT",9,197,12.5,0.234,178,213,31.5,45.2,18.3,47,38,73,15,"4",NA,50.4,16.2,6,3
"Mike Williams","WR","LAC",8,197,13.4,4.16,181,218,31.2,48.5,23.6,48,35,60,16,"4",31,48.6,18.7,3,5
"Tom Brady","QB","TB",11,341,11.8,2.25,319,354,27.9,30.9,11.7,49,54,91,7,"3",49,69.6,15.4,36,22
"Dallas Goedert","TE","PHI",7,148,17.8,9.59,122,167,27.8,15.3,24.4,50,76,57,7,"5",31,71.5,9.07,26,4
"Gabriel Davis","WR","BUF",7,193,21.1,0.677,163,219,27.1,30.9,23.8,51,55,59,17,"4",56,63,19,55,2
"Breece Hall","RB","NYJ",10,185,23.5,3.98,159,222,26.7,28.7,43.1,52,57,42,21,"6",25,52.4,25.6,42,0
"DK Metcalf","WR","SEA",11,192,13.8,1.63,174,211,26.4,41.7,16.3,53,41,77,18,"4",28,52.4,15.4,14,3
"Dak Prescott","QB","DAL",9,339,16.4,8.95,321,365,25.6,32.4,21.8,54,50,64,8,"3",33,80.5,14.2,25,6
"D.J. Moore","WR","CAR",13,191,14.3,2.42,164,208,24.8,31.2,13.2,55,53,87,19,"5",29,47.8,21.2,7,4
"J.K. Dobbins","RB","BAL",10,181,26.2,0.677,152,224,22.7,22.6,44.5,56,65,41,22,"6",27,47,17.9,69,2
"Terry McLaurin","WR","WAS",14,188,20.3,0.503,154,215,22.3,22,20.4,57,66,66,20,"5",30,46.8,17.7,30,3
"Dameon Pierce","RB","HOU",6,180,12.2,0.462,164,200,22,34.1,20.2,58,48,67,23,"6",26,82.4,18.1,11,0
"Jaylen Waddle","WR","MIA",11,188,18.4,0.364,157,212,21.8,24.9,17,59,59,75,21,"5",27,52.5,13.8,25,1
"Cam Akers","RB","LAR",7,180,41.1,1.89,130,242,21.6,0,62.7,60,130,29,24,"6",56,41.8,25.5,87,2
"Chris Godwin","WR","TB",11,187,28.8,3.63,153,236,21.5,20.8,41.1,61,69,43,22,"5",30,67.8,12.4,85,5
"Roquan Smith","LB","CHI",14,138,41.7,5.34,111,186,20.6,16,26.1,62,75,56,1,"1",29,NA,9.5,69,4
"Cordarrelle Patterson","RB","ATL",14,178,15.2,0.174,154,193,19.7,23.9,14,63,60,85,25,"6",35,83.3,10.4,17,9
"Antonio Gibson","RB","WAS",14,178,26.2,0.629,153,218,19.5,22.8,38.9,64,64,44,26,"6",56,60.1,15.4,62,2
"Damien Harris","RB","NE",10,177,21.9,1.36,148,209,18.9,18.5,29.5,65,73,53,27,"6",56,69.7,10,39,3
"T.J. Hockenson","TE","DET",6,138,15.6,7.22,120,165,18.2,13.3,22.3,66,80,63,8,"6",29,79.1,9.45,11,3
"Darnell Mooney","WR","CHI",14,184,16,0.0743,168,212,17.9,35.6,16.9,67,45,76,23,"5",28,82.1,10.8,20,2
"Amon-Ra St. Brown","WR","DET",6,184,15.4,2.05,166,203,17.8,33.7,7.97,68,49,101,24,"5",26,74.3,12.8,18,1
"AJ Dillon","RB","GB",14,176,20.1,0.0899,151,208,17.5,21.4,28.7,69,67,54,28,"6",28,58.9,17.2,24,2
"Miles Sanders","RB","PHI",7,175,13.3,2.66,165,202,17.4,35.3,23,70,46,62,29,"6",56,79.4,10.6,10,3
"Bradley Chubb","DL","DEN",9,89.3,NA,8.44,NA,NA,17.4,NA,NA,71,NA,NA,1,"1",30,NA,NA,33,4
"Bradley Chubb","DL","DEN",9,89.3,NA,8.44,NA,NA,17.4,NA,NA,71,NA,NA,1,"1",30,NA,NA,64,4
"Aaron Rodgers","QB","GB",14,330,17.6,2.5,310,348,16.7,21.3,4.98,72,68,110,9,"4",42,76.1,15.3,42,17
"Courtland Sutton","WR","DEN",9,182,27.4,1.52,132,213,15.7,0,18.5,73,130,72,25,"5",30,58.1,18.8,66,4
"Derwin James","DB","LAC",8,113,21,1.85,100,137,15.5,11.5,21,74,85,65,1,"1",30,NA,8.5,67,4
"Jalen Reeves-Maybin","LB","HOU",6,133,NA,5.59,NA,NA,15.3,NA,NA,75,NA,NA,2,"1",31,NA,NA,94,5
"Devin Singletary","RB","BUF",7,173,25.7,2.62,138,213,14.8,8.05,33.5,76,96,48,30,"6",29,78.6,11.3,56,3
"Joe Burrow","QB","CIN",10,327,18.4,5.19,308,357,14.2,19.8,14.2,78,70,82,10,"4",29,59.5,17.7,33,2
"Amari Cooper","WR","CLE",9,180,19.4,0.497,156,207,14.2,23.5,12.7,77,63,90,26,"5",32,77.9,11.2,48,7
"Adam Thielen","WR","MIN",7,180,18.6,2.91,156,200,13.7,23.5,5.01,79,62,109,27,"5",36,68.5,11.8,31,8
"Harrison Smith","DB","MIN",7,111,19,2.73,95.8,132,13.6,6.85,16,80,103,78,2,"1",37,NA,8.02,52,10
"Clyde Edwards-Helaire","RB","KC",8,170,16.5,0.358,149,203,12.1,19.6,23.3,81,71,61,31,"6",56,69.5,13.5,15,2
"Rashaad Penny","RB","SEA",11,170,29.6,1.77,139,212,11.8,9.4,32.8,82,92,49,32,"7",30,74.4,13.5,73,4
"Dawson Knox","TE","BUF",7,131,12.9,1.22,115,150,11,8.86,7.91,83,94,102,9,"6",29,87.3,5.77,6,3
"Minkah Fitzpatrick","DB","PIT",9,108,16.3,2.22,96.7,126,10.9,7.73,10.7,84,98,93,3,"1",29,NA,6.6,45,4
"Michael Thomas","WR","NO",14,177,23.6,0.502,139,209,10.8,6.4,14.1,85,104,84,28,"5",32,75.6,13.5,65,6
"Justin Tucker","K","BAL",10,155,9.62,1.21,145,168,10.7,12.9,14.6,86,83,80,1,"1",36,117,4.87,1,10
"Jerry Jeudy","WR","DEN",9,176,17.8,0.432,146,198,10.3,13.3,2.98,87,79,116,29,"5",27,71.7,10.6,34,2
"Chase Edmonds","RB","MIA",11,168,20.3,1.88,145,198,10,15.2,18.9,88,77,70,33,"7",30,82,12.1,34,4
"Marquise Brown","WR","ARI",13,176,19.2,2.41,144,199,9.87,11.3,3.84,89,87,112,30,"5",29,72.5,11.2,39,3
"Zach Ertz","TE","ARI",13,130,14.1,5.03,108,152,9.76,1.14,9.64,90,123,94,10,"6",35,93.5,6.81,9,9
"C.J. Mosley","LB","NYJ",10,127,45.9,2.24,95.8,180,9.69,1.17,19.8,91,122,68,3,"1",34,NA,6,85,8
"Daniel Carlson","K","LVR",6,154,10.5,2.03,136,168,9.44,4.08,14.8,92,111,79,2,"1",31,136,2.62,16,4
"Russell Wilson","QB","DEN",9,322,21.9,2.13,289,356,8.99,0,13.1,93,130,89,11,"4",37,76.5,16.5,44,10
"Nick Bosa","DL","SF",9,80.8,16.6,2.42,71.6,99.8,8.95,11.5,18,94,86,74,2,"1",28,NA,9.12,48,3
"Jamal Adams","DB","SEA",11,106,10.1,1.08,99.6,117,8.66,10.6,1.62,95,88,123,4,"1",30,NA,7.94,3,5
"Tony Pollard","RB","DAL",9,166,15.4,8.14,143,186,8.14,13.2,7.02,96,81,105,34,"7",29,81.8,10,13,3
"Budda Baker","DB","ARI",13,105,8.39,0.814,96.7,113,7.58,7.79,-3.05,97,97,147,5,"1",30,NA,9.94,5,5
"Tyler Lockett","WR","SEA",11,173,19.4,2.02,151,208,7.47,18.7,13.6,98,72,86,31,"5",33,103,6.75,44,7
"Foyesade Oluokun","LB","JAC",11,125,56.4,1.01,88.7,190,7.45,-5.97,29.8,99,161,52,4,"1",31,NA,7.61,90,4
"Evan McPherson","K","CIN",10,152,12,1.31,136,165,7.41,3.96,11.6,100,112,92,3,"1",27,126,3.14,50,1
"Matthew Stafford","QB","LAR",7,320,19.2,6.86,301,343,6.86,12.9,0.411,101,82,126,12,"4",38,86.3,12.1,19,13
"Matthew Stafford","QB","LAR",7,320,19.2,6.86,301,343,6.86,12.9,0.411,101,82,126,12,"4",38,86.3,12.1,19,13
"Jordan Poyer","DB","BUF",7,104,12.4,5.21,92.8,117,6.76,3.85,0.783,102,113,125,6,"1",35,NA,5.38,17,9
"Rashan Gary","DL","GB",14,78.4,NA,1.25,NA,NA,6.53,NA,NA,103,NA,NA,3,"1",28,NA,NA,42,3
"Rashan Gary","DL","GB",14,78.4,NA,1.25,NA,NA,6.53,NA,NA,103,NA,NA,3,"1",28,NA,NA,28,3
"Devin White","LB","TB",11,124,17.4,1.02,112,144,6.44,17,-15.9,104,74,234,5,"1",28,NA,8.93,12,3
"Harrison Butker","K","KC",8,151,5.08,1.99,142,157,6.1,10.6,3.59,105,89,113,4,"1",31,142,2.79,9,5
"Allen Robinson","WR","LAR",7,171,29.2,0.126,121,204,5.45,-11.2,9.37,106,199,95,32,"5",33,61.3,17,77,8
"DeVondre Campbell","LB","GB",14,123,36.5,2.62,102,165,5.42,7.01,5.16,107,101,107,6,"1",33,NA,7.8,49,6
"JuJu Smith-Schuster","WR","KC",8,171,16.5,0.823,145,195,5.32,12.6,0.209,108,84,128,33,"6",29,78.1,13.9,38,5
"Aaron Donald","DL","LAR",7,77.2,20.5,1.14,65.2,101,5.28,5.14,18.8,109,107,71,4,"1",35,NA,12.8,57,8
"Pat Freiermuth","TE","PIT",9,125,16.9,0.653,107,151,4.73,1.02,8.44,110,125,100,11,"6",27,114,3.68,31,1
"Hunter Renfrow","WR","LVR",6,170,17.1,4.14,156,204,4.5,23.7,8.88,111,61,99,34,"6",56,90.4,8.11,28,3
"Cameron Heyward","DL","PIT",9,76,8.46,1.1,67.7,84.4,4.14,7.65,2.59,112,99,120,5,"1",37,NA,8.4,9,11
"Matt Gay","K","LAR",7,149,12.5,2.61,126,163,4.1,-5.33,9.17,113,157,97,5,"1",32,141,2.16,22,3
"Hunter Henry","TE","NE",10,124,12.3,4.08,109,145,4.08,2.33,2.81,114,119,118,12,"6",31,130,3.2,20,6
"Cameron Jordan","DL","NO",14,74.9,9.04,0.0625,69.5,85.3,3.04,9.44,3.41,115,91,114,6,"1",37,NA,7.54,10,11
"Myles Garrett","DL","CLE",9,74.8,7.08,0.234,68.3,81.9,2.97,8.24,0,116,95,130,7,"1",30,NA,10.8,3,5
"Darius Leonard","LB","IND",14,121,22.2,1.77,105,146,2.81,10.1,-14.2,117,90,219,7,"1",NA,NA,9.84,25,4
"Chandler Jones","DL","LVR",6,74.6,7.57,0.899,69.4,79.9,2.74,9.39,-2,118,93,139,8,"1",36,NA,7.01,39,10
"Chandler Jones","DL","LVR",6,74.6,7.57,0.899,69.4,79.9,2.74,9.39,-2,118,93,139,8,"1",36,NA,7.01,52,10
"Steelers","DST","PIT",9,97.3,7.94,1.02,88.1,107,1.87,1.96,0.879,119,121,124,1,"1",NA,159,1.25,87,NA
"ZaDarius Smith","DL","MIN",7,73.7,NA,1.84,NA,NA,1.84,NA,NA,120,NA,NA,9,"2",33,NA,NA,78,NA
"ZaDarius Smith","DL","MIN",7,73.7,NA,1.84,NA,NA,1.84,NA,NA,120,NA,NA,9,"2",33,NA,NA,37,NA
"Tracy Walker","DB","DET",6,98.7,26.6,0.814,80.7,129,1.55,-8.2,13.2,121,174,88,7,"1",31,NA,2.35,77,4
"Tyler Bass","K","BUF",7,146,10.5,1.24,129,160,1.49,-3.09,6.65,122,146,106,6,"1",29,132,2.75,6,2
"T.J. Edwards","LB","PHI",7,119,66.4,0.24,74.1,194,1.04,-20.6,34.5,123,259,47,8,"1",30,NA,6.05,96,3
"Bills","DST","BUF",7,96.3,10.2,0.845,84.1,109,0.845,-2.06,3.34,124,139,115,2,"2",NA,107,3.62,32,NA
"Cole Holcomb","LB","WAS",14,118,37.5,0.795,97.6,162,0.795,2.94,1.69,125,114,122,9,"1",30,NA,6.29,61,3
"Justin Simmons","DB","DEN",9,97.9,4.13,0.522,93.7,101,0.734,4.72,-15,126,109,226,8,"2",32,NA,4.66,1,6
"Christian Kirk","WR","JAC",11,166,15.5,0.358,147,193,0.358,14.7,-2.19,127,78,143,35,"6",29,105,7.09,23,4
"Matt Prater","K","ARI",13,145,5.86,0.254,138,153,0.254,5.85,0,128,105,130,7,"1",42,170,1.61,12,16
"Taylor Rapp","DB","LAR",7,97.4,13.8,0.212,88,107,0.212,-0.99,-8.81,129,134,187,9,"2",56,NA,NA,48,3
"Kirk Cousins","QB","MIN",7,313,16.8,3.39,289,341,0,0.104,-1.95,130,129,138,13,"5",38,112,9.89,17,10
"Rhamondre Stevenson","RB","NE",10,158,17.8,3.33,123,179,0,-6.62,0,130,165,130,35,"7",28,94.1,8.99,27,1
"Robert Woods","WR","TEN",6,166,21.3,1.7,138,195,0,5.66,0,130,106,130,36,"6",34,106,6.7,54,9
"Mike Gesicki","TE","MIA",11,120,12.3,0.643,106,138,0,0,-3.88,130,130,153,13,"6",30,122,3.14,43,4
"Greg Joseph","K","MIN",7,145,8.22,1.34,131,154,0,-0.755,0.338,130,133,127,8,"2",56,162,1.56,91,4
"Rams","DST","LAR",7,95.5,6.4,1.61,87.2,102,0,1.05,-4.22,130,124,155,3,"3",NA,138,2,42,NA
"Jeffery Simmons","DL","TEN",6,71.9,8.88,0.549,65.1,81.8,0,5.1,-0.0809,130,108,131,10,"2",29,NA,4.3,18,3
"Eric Kendricks","LB","MIN",7,118,36.7,0.361,97.5,160,0,2.83,0,130,116,130,10,"1",34,NA,7.94,48,7
"Kevin Byard","DB","TEN",6,97.2,8.16,0.56,90.9,106,0,1.98,-9.51,130,120,196,10,"2",33,NA,5.47,7,6
"Denzel Perryman","LB","LVR",6,117,39.1,2.48,94.7,162,-0.361,0,2.38,131,130,121,11,"1",33,NA,7.99,75,NA
"Danielle Hunter","DL","MIN",7,71.3,26.6,0.685,54.4,91,-0.549,-5.64,9.15,132,158,98,11,"2",31,NA,NA,90,7
"Danielle Hunter","DL","MIN",7,71.3,26.6,0.685,54.4,91,-0.549,-5.64,9.15,132,158,98,11,"2",31,NA,NA,85,7
"Adrian Amos","DB","GB",14,96.6,13.4,0.192,88.9,112,-0.56,0,-3.77,133,130,151,11,"2",33,NA,NA,30,7
"Noah Fant","TE","SEA",11,120,14.3,1.2,102,138,-0.643,-4.6,-4.41,134,152,157,14,"6",28,149,2.51,51,3
"Marcus Maye","DB","NO",14,96.4,16.9,0.663,87.1,116,-0.752,-1.81,0.0538,135,138,129,12,"2",32,NA,NA,65,5
"DeForest Buckner","DL","IND",14,70.6,14.3,4.81,60.4,86.9,-1.23,0.342,5.01,136,128,108,12,"2",32,NA,5.78,43,6
"Nick Folk","K","NE",10,143,7.02,1.36,130,151,-1.34,-1.6,-2.15,137,137,141,9,"2",41,163,1.63,56,15
"Jayron Kearse","DB","DAL",9,95.8,17.3,0.579,83.7,115,-1.42,-5.26,-0.373,138,156,133,13,"2",32,NA,3.74,50,6
"Saints","DST","NO",14,93.8,7.12,0.999,86.2,103,-1.61,0,-3.35,139,130,149,4,"4",NA,144,1.55,10,NA
"Elijah Moore","WR","NYJ",10,164,20,0.709,129,190,-1.7,-3.74,-5.06,140,148,162,37,"6",26,92.7,5.24,42,1
"Irv Smith Jr.","TE","MIN",7,118,12.9,0.331,105,140,-1.84,-1.46,-2.42,141,135,144,15,"7",56,146,5.11,29,3
"Tyrann Mathieu","DB","NO",14,95.2,10.7,0.858,86.7,107,-1.99,-2.21,-8.76,142,140,185,14,"2",34,NA,4.06,20,9
"Cole Kmet","TE","CHI",14,118,13.8,1.03,96.6,139,-2.17,-9.89,-3.4,143,190,150,16,"7",27,124,3.85,23,2
"Rashod Bateman","WR","BAL",10,164,18.9,6.61,128,182,-2.41,-4.41,-12.9,144,151,209,38,"6",26,90.9,7.97,37,1
"Cowboys","DST","DAL",9,92.8,7.48,0.229,81.5,101,-2.61,-4.72,-5.03,145,153,161,5,"4",NA,156,1.7,68,NA
"Brandon McManus","K","DEN",9,142,7.85,0.586,132,153,-2.7,0.736,-0.592,146,126,134,10,"2",35,170,1.89,34,8
"Dolphins","DST","MIA",11,92.6,4.96,0.178,85.7,99.1,-2.84,-0.466,-6.89,148,132,175,6,"4",NA,166,1.55,16,NA
"Fred Warner","LB","SF",9,115,33.8,0.11,92.1,153,-2.84,-2.6,-6.47,147,142,172,12,"1",29,NA,8.33,40,4
"Vonn Bell","DB","CIN",10,94.3,16.2,0.136,80.8,112,-2.85,-8.14,-4.06,149,172,154,15,"2",31,NA,5.35,40,6
"Kyzir White","LB","PHI",7,115,43.6,2.11,88.9,165,-2.95,-5.74,4.95,150,160,111,13,"1",30,NA,5.78,84,4
"Jessie Bates","DB","CIN",10,94.2,14.1,0.334,86.3,110,-2.99,-2.61,-5.39,151,143,163,16,"2",29,NA,3.84,38,4
"49ers","DST","SF",9,92.4,10.7,0.0502,76.9,106,-3.02,-9.32,0,152,184,130,7,"4",NA,127,2.08,81,NA
"Packers","DST","GB",14,92.4,6.23,1.53,84.6,99.9,-3.07,-1.59,-6.13,153,136,169,8,"5",NA,154,1.5,52,NA
"Tyler Higbee","TE","LAR",7,117,13.6,1.97,102,142,-3.2,-4.26,0,154,150,130,17,"7",33,149,2.31,40,6
"Ryan Succop","K","TB",11,141,1.33,1.06,139,143,-3.29,6.94,-10.7,155,102,201,11,"2",39,163,2.15,3,13
"Kenny Moore","DB","IND",14,93.8,6.31,2.25,89.6,101,-3.32,0.618,-14.8,156,127,225,17,"2",31,NA,3.94,2,5
"Kareem Hunt","RB","CLE",9,155,21,5.85,113,174,-3.33,-16.7,-5.65,157,233,166,36,"7",31,85.6,9.75,31,5
"Trey Lance","QB","SF",9,310,29,9.21,264,343,-3.39,-24.8,0,158,295,130,14,"5",26,99,9.8,69,1
"Chris Boswell","K","PIT",9,140,5.74,2.23,132,147,-4.35,0,-6.03,159,130,167,12,"2",35,162,1.83,31,8
"Buccaneers","DST","TB",11,90.9,6.58,0.402,78.4,97,-4.6,-7.74,-8.95,160,171,189,9,"6",NA,134,2.08,29,NA
"Vikings","DST","MIN",7,90.5,8.13,1.94,79.4,100,-5,-6.81,-5.61,161,166,165,10,"7",NA,168,1,55,NA
"Bobby Wagner","LB","LAR",7,113,16.3,3.01,102,131,-5.06,7.21,-28.6,162,100,317,14,"1",36,NA,10.4,7,10
"David Njoku","TE","CLE",9,115,16.1,2.74,94.6,136,-5.17,-11.8,-6.08,163,205,168,18,"7",30,146,3.22,57,5
"Johnathan Abram","DB","LVR",6,91.6,13.9,0.112,80.7,107,-5.58,-8.23,-8.85,164,175,188,18,"2",56,NA,4.32,32,3
"Adrian Phillips","DB","NE",10,91.5,29,0.214,67.7,123,-5.69,-21.2,7.73,165,266,103,19,"2",34,NA,NA,95,8
"Justin Reid","DB","KC",8,91.3,15,0.555,79.3,108,-5.9,-9.6,-7.99,166,185,181,20,"2",29,NA,6.19,33,4
"Justin Reid","DB","KC",8,91.3,15,0.555,79.3,108,-5.9,-9.6,-7.99,166,185,181,20,"2",29,NA,6.19,33,4
"Leonard Williams","DL","NYG",9,65.8,26.3,0.424,50.4,96,-6.04,-9.67,14.2,167,186,83,13,"3",32,NA,4.75,73,7
"Xavier Woods","DB","CAR",13,90.7,15.8,0.3,78.7,108,-6.46,-10.2,-7.4,168,194,177,21,"2",31,NA,NA,63,5
"Von Miller","DL","BUF",7,65.4,NA,1.16,NA,NA,-6.47,NA,NA,169,NA,NA,14,"3",37,NA,8.11,82,11
"Von Miller","DL","BUF",7,65.4,NA,1.16,NA,NA,-6.47,NA,NA,169,NA,NA,14,"3",37,NA,8.11,66,11
"Rodrigo Blankenship","K","IND",14,138,12.9,0.264,119,151,-6.58,-12.3,-2.17,170,210,142,13,"2",56,168,2.07,53,2
"Eric Murray","DB","HOU",6,90.4,30.2,0.128,60.1,116,-6.76,-28.9,-0.169,171,326,132,22,"2",32,NA,2.4,99,6
"Younghoe Koo","K","ATL",14,138,7.18,0.298,127,147,-6.84,-4.94,-6.56,172,155,173,14,"2",32,162,1.63,81,5
"Jordan Whitehead","DB","NYJ",10,90.3,13.9,0.633,76,100,-6.89,-13,-15.6,173,212,231,23,"2",29,NA,4.37,57,4
"Patriots","DST","NE",10,88.5,4.52,0.00563,80.1,92.8,-6.94,-6.09,-13.1,174,163,211,11,"7",NA,167,1.36,35,NA
"Browns","DST","CLE",9,88.5,6.83,1.12,80.5,96.7,-6.94,-5.66,-9.26,175,159,190,12,"8",NA,163,1.17,26,NA
"Mason Crosby","K","GB",14,138,12.2,0.92,114,150,-7.14,-17.5,-3.28,176,241,148,15,"2",42,168,NA,78,15
"Quandre Diggs","DB","SEA",11,89.6,15.4,2.38,78,107,-7.52,-11,-8.8,177,198,186,24,"2",34,NA,NA,60,7
"Christian Wilkins","DL","MIA",11,64.2,11.5,0.0075,55.9,77.3,-7.63,-4.19,-4.57,178,149,159,15,"3",56,NA,5.28,58,3
"Robert Quinn","DL","CHI",14,64.2,1.9,0.615,62.9,65.6,-7.63,2.89,-16.3,179,115,239,16,"3",36,NA,8.35,16,11
"Robert Quinn","DL","CHI",14,64.2,1.9,0.615,62.9,65.6,-7.63,2.89,-16.3,179,115,239,16,"3",36,NA,8.35,31,11
"Logan Thomas","TE","WAS",14,112,16.9,0.093,89.3,133,-7.9,-17.1,-9.5,180,238,195,19,"7",35,163,2.36,66,8
"Albert Okwuegbunam","TE","DEN",9,112,14.4,2.55,87.5,131,-8,-19,-11.1,181,250,202,20,"7",28,148,3.35,49,2
"Dustin Hopkins","K","LAC",8,137,7.58,0.786,123,147,-8.06,-8.68,-6.73,183,178,174,16,"2",35,172,1.86,28,9
"Chargers","DST","LAC",8,87.4,7.1,1.17,80.2,98,-8.06,-6.02,-8.03,182,162,182,13,"9",NA,164,1.5,65,NA
"T.J. Watt","LB","PIT",9,110,14.1,2.91,97.4,124,-8.07,2.75,-35.5,184,117,342,15,"1",31,NA,13.7,4,5
"T.J. Watt","LB","PIT",9,110,14.1,2.91,97.4,124,-8.07,2.75,-35.5,184,117,342,15,"1",31,NA,13.7,10,5
"Sam Hubbard","DL","CIN",10,63.6,11.8,0.367,55.2,77,-8.25,-4.89,-4.87,185,154,160,17,"3",NA,NA,5.66,30,4
"Maxx Crosby","DL","LVR",6,63.3,9.81,1.08,56.5,74.4,-8.62,-3.54,-7.43,186,147,178,18,"3",29,NA,9.86,55,3
"Robbie Gould","K","SF",9,136,8.97,0.421,123,146,-8.85,-8.74,-7.15,187,179,176,17,"2",43,155,1.64,62,17
"Brandon Aiyuk","WR","SF",9,157,17.2,0.273,137,185,-9.02,4.51,-9.88,188,110,199,39,"6",56,96.8,6.15,27,2
"Melvin Gordon","RB","DEN",9,149,12.4,17.5,132,167,-9.18,2.35,-12.5,189,118,206,37,"8",33,94.2,8.04,1,7
"Broncos","DST","DEN",9,86.2,11.9,0.617,69.4,99.6,-9.23,-16.7,-6.44,190,232,171,14,"10",NA,161,1.23,90,NA
"Wil Lutz","K","NO",14,135,12.1,0.033,120,151,-9.27,-11.6,-2.11,191,201,140,18,"2",32,181,1.56,75,6
"DeVonta Smith","WR","PHI",7,157,22.6,0.855,125,186,-9.3,-7.62,-8.6,192,170,184,40,"6",27,93.8,5.24,51,1
"Jason Sanders","K","MIA",11,135,9.31,1.21,117,144,-9.3,-14.3,-9.79,193,219,198,19,"3",30,178,1.84,66,4
"Brian Burns","DL","CAR",13,62.2,3.32,1.14,60,64.6,-9.69,0,-17.2,194,130,248,19,"3",28,NA,5.71,1,3
"Bears","DST","CHI",14,85.6,10.6,0.858,68.9,96.1,-9.85,-17.2,-9.88,195,239,200,15,"11",NA,179,NA,84,NA
"Kareem Jackson","DB","DEN",9,87.3,27.3,0.0786,70.9,119,-9.9,-18,2.83,196,243,117,25,"2",38,NA,NA,83,12
"Terrell Edmunds","DB","PIT",9,87.2,7.52,0.364,81.5,95.6,-9.98,-7.4,-20.2,197,169,270,26,"2",29,NA,NA,25,4
"Chase Claypool","WR","PIT",9,156,17,1.65,132,177,-10.1,-0.399,-17.7,198,131,252,41,"6",56,122,3.5,45,2
"Nasir Adderley","DB","LAC",8,86.8,20.5,0.474,73.6,110,-10.3,-15.4,-5.5,199,227,164,27,"2",56,NA,NA,68,3
"Gerald Everett","TE","LAC",8,110,21.7,0.89,75.1,138,-10.5,-31.4,-3.86,201,343,152,21,"7",32,157,2.21,80,5
"Jake Elliott","K","PHI",7,134,9.96,0.674,117,146,-10.5,-14.8,-7.84,200,221,180,20,"3",31,178,1.4,44,5
"Titans","DST","TEN",6,84.8,5.7,0.18,77.2,91.8,-10.7,-8.97,-14.2,202,181,218,16,"11",NA,202,NA,23,NA
"Javon Hargrave","DL","PHI",7,61,31.6,0.914,35.9,96.1,-10.8,-24.1,14.3,204,288,81,20,"3",33,NA,NA,87,6
"Logan Ryan","DB","FA",NA,86.4,6.65,0.0675,82.1,91.2,-10.8,-6.85,-24.5,203,167,297,28,"2",35,NA,5.54,73,9
"Commanders","DST","WAS",14,84.6,6.45,0.116,76.3,94.4,-10.9,-9.84,-11.6,206,189,204,17,"11",NA,NA,NA,48,NA
"Kendall Fuller","DB","WAS",14,86.3,9.79,0.467,77.7,96.9,-10.9,-11.2,-18.9,205,200,259,29,"2",31,NA,NA,23,6
"Bengals","DST","CIN",10,84.5,9.66,0.295,67.3,92.1,-11,-18.9,-13.9,208,249,215,18,"12",NA,163,NA,77,NA
"Lavonte David","LB","TB",11,107,25.9,1.13,91.6,136,-11,-3.04,-23.4,207,145,291,16,"1",36,NA,8.33,24,10
"Zane Gonzalez","K","CAR",13,133,10.3,2.7,124,144,-11.2,-7.38,-9.58,209,168,197,21,"3",NA,NA,NA,41,5
"Eagles","DST","PHI",7,84.2,7.9,1.14,72.8,91.9,-11.3,-13.4,-14.1,210,216,216,19,"13",NA,175,1.14,97,NA
"Donte Jackson","DB","CAR",13,85.8,19.6,1.08,67.9,106,-11.3,-21.1,-9.28,211,265,191,30,"2",30,NA,NA,82,4
"Robert Tonyan","TE","GB",14,109,16.4,3.16,84.7,138,-11.4,-21.7,-4.28,212,270,156,22,"7",32,152,2.65,71,5
"Trey Hendrickson","DL","CIN",10,60.1,8.08,1.51,51.8,65.5,-11.7,-8.24,-16.3,213,176,240,21,"3",31,NA,6.96,22,5
"Drake London","WR","ATL",14,154,15.5,4.13,130,181,-11.8,-2.52,-14.2,214,141,220,42,"7",25,111,9.55,21,0
"Tremaine Edmunds","LB","BUF",7,106,32.7,0.365,84.7,143,-12.1,-9.92,-16.9,215,191,245,17,"1",28,NA,8.69,43,4
"Ravens","DST","BAL",10,83,9.88,0.224,69.2,92.2,-12.4,-17,-13.7,217,237,213,20,"13",NA,165,1,94,NA
"Rasul Douglas","DB","GB",14,84.7,10.8,0.0953,78.5,97.1,-12.4,-10.5,-18.7,216,196,257,31,"2",32,NA,NA,37,5
"Ja'Whaun Bentley","LB","NE",10,105,55.7,0.773,73,169,-12.5,-21.6,9.26,218,269,96,18,"2",30,NA,NA,91,4
"Eddie Jackson","DB","CHI",14,84.6,25,0.159,69.2,113,-12.5,-19.7,-2.45,219,254,145,32,"3",NA,NA,NA,85,5
"Derek Carr","QB","LVR",6,300,18.8,11.6,274,323,-12.6,-14.3,-20.2,220,220,271,15,"6",35,105,10.4,31,8
"Colts","DST","IND",14,82.8,4.82,0.153,75.4,89.3,-12.7,-10.7,-16.7,221,197,244,21,"13",NA,140,2,19,NA
"Marshon Lattimore","DB","NO",14,84.5,6.94,0.13,78.6,91.9,-12.7,-10.3,-23.8,222,195,293,33,"3",30,NA,NA,15,5
"Chiefs","DST","KC",8,82.7,3.49,0.7,77.3,86.9,-12.8,-8.93,-19.1,223,180,262,22,"14",NA,170,1.3,6,NA
"Jalen Ramsey","DB","LAR",7,84.4,7.23,0.203,76.7,90.9,-12.8,-12.2,-24.9,224,209,300,34,"3",31,NA,NA,43,6
"Malik Hooker","DB","DAL",9,84.2,25.6,0.585,66.7,102,-13,-22.3,-13.9,225,273,214,35,"3",30,NA,NA,88,5
"Chris Kirksey","LB","HOU",6,104,34.3,1.18,84.6,144,-13.2,-10,-16.1,226,192,237,19,"2",34,NA,4.08,58,8
"Quinnen Williams","DL","NYJ",10,58.6,2.12,1.57,57.1,60,-13.3,-3,-21.9,227,144,284,22,"4",28,NA,4.58,4,3
"Cardinals","DST","ARI",13,82,8.37,2.71,68.5,89.3,-13.5,-17.7,-16.7,228,242,243,23,"15",NA,163,NA,39,NA
"John Johnson","DB","CLE",9,83.6,8.06,0.0488,78.7,92.8,-13.6,-10.2,-22.9,229,193,289,36,"3",32,NA,NA,27,5
"Micah Hyde","DB","BUF",7,83.5,9.75,0.865,77.2,94.7,-13.7,-11.8,-21.1,230,202,275,37,"3",35,NA,NA,28,9
"Graham Gano","K","NYG",9,131,6.74,1.42,119,139,-13.9,-12.7,-14.2,231,211,217,22,"3",39,NA,NA,25,13
"Matthew Adams","LB","CHI",14,103,NA,0.716,NA,NA,-14.4,NA,NA,232,NA,NA,20,"2",NA,NA,NA,55,4
"Andrew Wingard","DB","JAC",11,82.7,27.5,0.126,64.6,114,-14.5,-24.4,-1.73,233,289,137,38,"3",29,NA,NA,97,3
"Evan Engram","TE","JAC",11,106,15.4,7.81,87.7,125,-14.6,-18.8,-17.5,234,247,250,23,"8",32,160,2.97,63,5
"Chauncey Gardner-Johnson","DB","PHI",7,82.5,14.1,0.523,68,91.9,-14.6,-20.9,-23.9,235,261,294,39,"3",28,NA,NA,72,3
"Demarcus Lawrence","DL","DAL",9,57,9.83,3.22,50.7,64.3,-14.8,-9.3,-17.6,236,183,251,23,"4",34,NA,6.55,24,8
"Bobby Okereke","LB","IND",14,103,34.1,0.554,79.8,141,-15.1,-14.9,-18.5,237,222,256,21,"2",30,NA,6.48,46,3
"Chidobe Awuzie","DB","CIN",10,82,6.12,0.00291,75.7,86.4,-15.2,-13.2,-29.3,238,214,319,40,"3",31,NA,3.98,13,5
"Tarvarius Moore","DB","SF",9,82,NA,1.13,NA,NA,-15.2,NA,NA,239,NA,NA,41,"3",NA,NA,NA,98,4
"Randy Bullock","K","TEN",6,129,8.26,1.36,118,139,-15.3,-13.3,-14.7,240,215,224,23,"3",36,NA,NA,59,10
"Blake Martinez","LB","NYG",9,102,NA,0.185,NA,NA,-15.7,NA,NA,241,NA,NA,22,"2",32,NA,8.35,99,6
"Allen Lazard","WR","GB",14,150,21.9,5.62,121,182,-15.9,-11.8,-12.8,243,204,208,43,"7",30,98.2,11.2,61,4
"Demario Davis","LB","NO",14,102,23.6,0.532,88.2,129,-15.9,-6.46,-31,242,164,326,23,"2",37,NA,7.27,18,10
"Giants","DST","NYG",9,79.2,6.96,0.108,69.4,88,-16.2,-16.8,-18,244,234,255,24,"15",NA,NA,NA,13,NA
"Panthers","DST","CAR",13,79.1,11.7,2.12,60.6,90.5,-16.3,-25.6,-15.5,246,305,230,25,"16",NA,NA,NA,58,NA
"D.J. Reed","DB","NYJ",10,80.9,13.5,0.92,71.5,96.2,-16.3,-17.5,-19.6,245,240,265,42,"3",29,NA,NA,42,4
"Jordan Hicks","LB","MIN",7,101,35.4,0.151,78.4,142,-16.4,-16.3,-18,247,231,254,24,"2",34,NA,4.87,57,7
"Jerome Baker","LB","MIA",11,101,24.4,2.59,84.9,129,-16.6,-9.71,-30.9,248,187,325,25,"2",29,NA,4.68,22,4
"Joey Slye","K","WAS",14,128,9.5,1.11,118,144,-16.7,-13.5,-9.36,249,217,192,24,"3",30,NA,NA,47,3
"Xavien Howard","DB","MIA",11,80,5.9,0.794,73.9,85.6,-17.2,-15,-30.2,250,225,321,43,"3",33,NA,NA,10,6
"Cairo Santos","K","CHI",14,127,4.95,5.35,119,133,-17.8,-12.2,-20.6,251,208,273,25,"4",34,NA,NA,38,8
"Marlon Humphrey","DB","BAL",10,79.2,16,0.0948,63.8,95.4,-18,-25.1,-20.3,252,298,272,44,"3",30,NA,NA,53,5
"Arik Armstead","DL","SF",9,53.8,17.3,0.422,43.1,73.7,-18.1,-16.9,-8.21,253,236,183,24,"4",32,NA,NA,60,7
"Charvarius Ward","DB","SF",9,79.1,15.5,0.443,70.5,96.8,-18.1,-18.4,-19,254,246,260,45,"3",30,NA,NA,78,4
"Texans","DST","HOU",6,77,9.2,0.791,61,84.8,-18.4,-25.1,-21.2,255,299,276,26,"16",NA,NA,NA,1,NA
"Zach Allen","DL","ARI",13,53.4,3.96,0.832,50.9,56.3,-18.5,-9.19,-25.6,256,182,302,25,"4",29,NA,NA,21,3
"Anthony Brown","DB","DAL",9,78.6,5.64,0.196,73.2,83.9,-18.5,-15.7,-31.8,257,228,329,46,"3",32,NA,NA,18,6
"Amani Hooker","DB","TEN",6,78.4,32.7,0.129,50.2,113,-18.7,-38.8,-2.89,258,399,146,47,"3",28,NA,NA,93,3
"Marcus Peters","DB","BAL",10,78.3,15.9,0.0982,68,96.4,-18.9,-21,-19.3,259,263,263,48,"3",33,NA,NA,70,7
"Bobby McCain","DB","WAS",14,78.2,16.5,1.21,61.2,88.7,-19,-27.7,-27.1,260,324,309,49,"3",33,NA,NA,58,7
"Shaq Green-Thompson","LB","CAR",13,98.5,30.9,1.03,79.7,134,-19.1,-15,-25.9,261,224,303,26,"2",32,NA,NA,34,NA
"Seahawks","DST","SEA",11,76.2,10.2,2.84,65.3,91.4,-19.2,-20.9,-14.6,262,260,222,27,"17",NA,NA,NA,45,NA
"Calais Campbell","DL","BAL",10,52.6,13.6,0.00769,45,68.2,-19.3,-15,-13.6,263,226,212,26,"4",40,NA,NA,61,14
"Charles Harris","DL","DET",6,52.6,29.7,0.0995,27.7,84.5,-19.3,-32.3,2.6,264,354,119,27,"4",NA,NA,NA,91,5
"Charles Harris","DL","DET",6,52.6,29.7,0.0995,27.7,84.5,-19.3,-32.3,2.6,264,354,119,27,"4",NA,NA,NA,93,5
"J.J. Watt","DL","ARI",13,52.5,2.97,0.65,50.3,54.4,-19.4,-9.78,-27.5,265,188,311,28,"4",37,NA,3.94,36,11
"Montez Sweat","DL","WAS",14,51.8,8.56,0.0721,46.3,58.1,-20.1,-13.7,-23.8,266,218,292,29,"4",30,NA,4.42,19,3
"Lawrence Guy","DL","NE",10,51.7,19.5,0.221,39.1,74.1,-20.1,-20.9,-7.78,267,262,179,30,"4",36,NA,NA,79,11
"Quincy Williams","LB","NYJ",10,97.5,35.9,0.0787,73.1,138,-20.2,-21.6,-21.4,268,268,279,27,"2",30,NA,NA,60,3
"Erik Harris","DB","ATL",14,77,15.6,0.624,66.3,94.8,-20.2,-22.7,-21,269,278,274,50,"3",36,NA,NA,92,7
"Kamu Grugier-Hill","LB","HOU",6,97.4,37,3.4,68.1,138,-20.3,-26.6,-21.7,270,317,282,28,"2",32,NA,3.34,78,6
"Shelby Harris","DL","SEA",11,51.5,21.1,0.486,38.2,75.7,-20.4,-21.9,-6.16,271,271,170,31,"4",35,NA,NA,72,8
"Emmanuel Ogbah","DL","MIA",11,51,4.31,0.286,48.3,54.2,-20.8,-11.8,-27.7,273,203,314,32,"4",32,NA,4.54,7,6
"Sidney Jones","DB","SEA",11,76.4,26.5,0.246,57.2,106,-20.8,-31.8,-9.37,272,350,193,51,"3",NA,NA,NA,87,5
"Sebastian Joseph","DL","LAC",8,50.7,27.1,0.44,33.4,70.6,-21.1,-26.6,-11.2,275,318,203,33,"5",31,NA,3.98,88,4
"DeShon Elliott","DB","DET",6,76.1,23.1,1.05,53.2,96,-21.1,-35.8,-19.8,274,382,267,52,"3",29,NA,NA,75,4
"Jakobi Meyers","WR","NE",10,144,15,1.35,124,162,-21.6,-8.19,-32.3,276,173,330,44,"7",29,147,2.47,41,3
"Denico Autry","DL","TEN",6,50.3,9.62,0.951,44.1,57.4,-21.6,-15.9,-24.5,277,230,296,34,"5",NA,NA,NA,40,NA
"Jaguars","DST","JAC",11,73.4,13.5,0.163,50.9,86,-22.1,-35.3,-20,278,379,269,28,"17",NA,NA,NA,71,NA
"Amani Oruwariye","DB","DET",6,75.1,11.5,0.131,67,88.1,-22.1,-21.9,-27.7,279,272,313,53,"3",30,NA,NA,55,3
"Lions","DST","DET",6,73.2,14,2.09,51.8,84.7,-22.2,-34.3,-21.2,281,370,277,29,"18",NA,NA,NA,61,NA
"Devin McCourty","DB","NE",10,74.9,17.7,0.451,58.9,92.9,-22.2,-30,-22.8,280,332,287,54,"3",39,NA,NA,90,12
"Austin Hooper","TE","TEN",6,97.9,11.4,0.362,76.2,111,-22.4,-30.3,-31.2,282,335,327,24,"8",31,170,1.93,37,6
"Quinton Jefferson","DL","SEA",11,49.3,24.2,0.0925,32.8,66.1,-22.5,-27.2,-15.8,283,320,233,35,"5",NA,NA,NA,99,6
"Grady Jarrett","DL","ATL",14,49.3,15.5,0.481,35.3,65.8,-22.6,-24.7,-16.1,284,292,236,36,"5",33,NA,NA,63,7
"Rayshawn Jenkins","DB","JAC",11,74.5,5.18,0.304,69.6,79.5,-22.7,-19.3,-36.2,285,253,346,55,"3",32,NA,NA,8,5
"Hayden Hurst","TE","CIN",10,97.5,16.8,1.36,74.7,118,-22.8,-31.7,-24.6,286,349,298,25,"8",33,154,2.75,54,4
"DeVante Parker","WR","NE",10,143,21.2,1.17,120,173,-22.9,-12.2,-21.6,287,207,281,45,"7",33,135,3.37,72,7
"Byron Murphy","DB","ARI",13,74.2,12.7,0.329,65.2,88.5,-23,-23.7,-27.2,288,284,310,56,"3",28,NA,NA,80,3
"Eddy Pineiro","K","FA",NA,122,11.9,0.466,99.5,134,-23.1,-32.2,-19.1,290,353,261,26,"4",30,NA,NA,19,4
"Dre'Mont Jones","DL","DEN",9,48.8,22.6,0.255,34.3,65.3,-23.1,-25.7,-16.5,289,307,242,37,"5",29,NA,3.82,67,3
"Brandon Graham","DL","PHI",7,48.5,5.37,0.468,45.1,52.5,-23.3,-15,-29.4,292,223,320,38,"5",38,NA,NA,27,12
"Darnell Savage","DB","GB",14,73.9,12.5,0.0967,63,87.4,-23.3,-25.9,-28.4,291,311,316,57,"3",NA,NA,NA,47,3
"Adoree Jackson","DB","NYG",9,73.8,2.03,0.356,72,76,-23.4,-16.9,-39.8,293,235,367,58,"3",30,NA,NA,12,5
"Brett Maher","K","DAL",9,121,40.2,0.804,41.3,149,-23.6,-90.5,-4.46,294,567,158,27,"4",56,171,2.54,97,5
"Zach Cunningham","LB","TEN",6,94,32.4,0.783,72.1,131,-23.7,-22.5,-28.8,295,276,318,29,"2",31,NA,NA,51,5
"Jonathan Allen","DL","WAS",14,48.1,10.6,0.466,40.3,54.8,-23.8,-19.8,-27,297,255,308,39,"5",31,NA,NA,45,5
"Carlton Davis","DB","TB",11,73.4,6.09,0.167,68.7,80.2,-23.8,-20.2,-35.5,296,258,343,59,"3",29,NA,NA,22,4
"Ronald Darby","DB","DEN",9,73.2,16.8,0.44,62.4,92.5,-23.9,-26.5,-23.3,298,315,290,60,"3",32,NA,NA,62,7
"Kadarius Toney","WR","NYG",9,142,27.8,0.246,93.5,168,-24.1,-38.8,-26.3,299,400,304,46,"7",56,124,3.07,83,1
"Taysom Hill","TE","NO",14,96.1,36,9.27,54.2,142,-24.1,-52.3,-0.609,300,463,135,26,"9",36,162,5.18,99,5
"Ryan Tannehill","QB","TEN",6,289,11.6,1.6,269,305,-24.2,-19.3,-38,301,252,356,16,"6",38,143,4.84,50,10
"DeAndre Hopkins","WR","ARI",13,142,15.6,2.06,124,167,-24.3,-8.29,-28,303,177,315,47,"7",34,82.6,13.2,32,9
"Jets","DST","NYJ",10,71.1,12.7,0.00721,51.8,84.3,-24.3,-34.3,-21.7,304,371,283,30,"18",NA,NA,NA,74,NA
"Raiders","DST","LVR",6,71.1,16.2,1.57,42.4,86.3,-24.3,-43.8,-19.7,305,432,266,31,"19",NA,NA,NA,99,NA
"Chris Jones","DL","KC",8,47.6,14.4,0.187,34.9,63.1,-24.3,-25.2,-18.8,302,301,258,40,"5",32,NA,NA,49,6
"Kaimi Fairbairn","K","HOU",6,120,12.2,0.772,105,138,-24.4,-27,-15.5,307,319,228,28,"4",32,NA,NA,69,6
"Matt Milano","LB","BUF",7,93.3,27.5,0.254,74.7,125,-24.4,-19.9,-35.3,308,256,341,30,"2",NA,NA,3.53,30,5
"Larry Ogunjobi","DL","PIT",9,47.4,NA,0.261,NA,NA,-24.5,NA,NA,310,NA,NA,41,"5",32,NA,NA,54,5
"Marcus Davenport","DL","NO",14,47.1,0.212,0.839,47,47.3,-24.7,-13,-34.6,312,213,339,42,"5",30,NA,4.13,1,4
"Joe Schobert","LB","FA",NA,93,NA,3.83,NA,NA,-24.7,NA,NA,311,NA,NA,31,"2",NA,NA,NA,99,6
"Cade York","K","CLE",9,119,17,2.35,88.3,139,-25.2,-43.5,-14.5,313,429,221,29,"4",25,169,1.2,84,0
"Roy Robertson-Harris","DL","JAC",11,46.3,NA,0.171,NA,NA,-25.6,NA,NA,314,NA,NA,43,"5",33,NA,NA,51,6
"B.J. Hill","DL","CIN",10,46.1,23.3,0.429,29.3,72.4,-25.7,-30.8,-9.44,315,338,194,44,"5",31,NA,NA,69,4
"Tua Tagovailoa","QB","MIA",11,287,12.4,8.91,267,304,-25.8,-21.4,-38.5,316,267,359,17,"6",28,130,5.58,11,2
"Falcons","DST","ATL",14,69.6,11.1,0,57.2,84.5,-25.9,-29,-21.5,318,327,280,32,"19",NA,NA,NA,3,NA
"Jadeveon Clowney","DL","CLE",9,45.7,NA,0.179,NA,NA,-26.2,NA,NA,319,NA,NA,45,"5",33,NA,NA,25,8
"Fletcher Cox","DL","PHI",7,45.5,17.8,1.66,35.5,65.9,-26.3,-24.6,-16,320,291,235,46,"5",35,NA,NA,70,10
"Mecole Hardman","WR","KC",8,140,31.2,1.41,109,202,-26.4,-23.4,7.58,321,283,104,48,"7",56,145,2.67,93,3
"James Robinson","RB","JAC",11,131,22.9,2.69,89.4,155,-26.7,-40.5,-24.4,324,413,295,38,"8",56,111,5.27,58,2
"Greg Zuerlein","K","NYJ",10,117,9.52,0.189,104,131,-27.5,-27.3,-22.2,327,321,285,30,"4",38,128,1,88,10
"Riley Patterson","K","FA",NA,117,18,8.1,91.8,137,-27.7,-39.9,-16.4,328,407,241,31,"5",27,NA,NA,72,1
"Tyler Boyd","WR","CIN",10,138,14.7,0.548,120,160,-27.8,-12,-34.4,329,206,337,49,"7",31,143,3.33,24,6
"Vita Vea","DL","TB",11,43.9,18.1,0.214,32.3,57.2,-28,-27.8,-24.7,330,325,299,47,"5",31,NA,4.37,94,4
"Dexter Lawrence","DL","NYG",9,43.6,19.4,0.123,30.2,65.6,-28.2,-29.9,-16.2,331,330,238,48,"5",28,NA,NA,76,3
"Marvin Jones","WR","JAC",11,138,24.8,1.05,98.7,168,-28.3,-33.6,-26.3,332,364,305,50,"7",36,153,3.54,87,10
"AShawn Robinson","DL","LAR",7,43.5,5.37,0.316,40.1,47.5,-28.3,-20,-34.4,333,257,336,49,"5",31,NA,NA,46,6
"Anthony Walker","LB","CLE",9,89.2,31.5,1.17,67.3,125,-28.5,-27.4,-34.9,335,322,340,32,"2",31,NA,NA,54,5
"Kenny Clark","DL","GB",14,43.2,1.84,0.196,42,44.6,-28.7,-18,-37.3,336,244,351,50,"5",30,NA,NA,13,6
"Yannick Ngakoue","DL","IND",14,43,3.04,0.418,40.8,45,-28.9,-19.3,-36.9,337,251,347,51,"6",31,NA,NA,6,6
"Harrison Phillips","DL","MIN",7,42.6,22.3,0.47,28.3,59,-29.3,-31.7,-22.9,338,348,288,52,"6",30,NA,3.1,97,4
"Michael Carter","RB","NYJ",10,129,17.9,6.07,98.1,149,-29.4,-31.7,-30.3,340,347,322,39,"9",27,116,4.05,20,1
"Treylon Burks","WR","TEN",6,137,19.6,0.77,107,168,-29.4,-25.2,-26.9,339,300,307,51,"7",26,129,6.64,62,0
"Ed Oliver","DL","BUF",7,42.1,1.34,0.526,41.1,43,-29.7,-18.9,-38.9,345,248,363,53,"6",28,NA,NA,34,3
"Leighton Vander Esch","LB","DAL",9,88,47.4,0.855,61.3,142,-29.7,-33.3,-17.5,344,362,249,33,"2",29,NA,NA,88,4
"Russell Gage","WR","TB",11,136,23.1,0.36,105,173,-30.1,-27.6,-22.2,346,323,286,52,"7",30,136,2.08,79,4
"Chris Wormley","DL","PIT",9,41.6,3.96,1.26,39.1,44.5,-30.3,-21,-37.4,347,264,352,54,"6",32,NA,NA,81,5
"Odell Beckham","WR","FA",NA,135,28.7,0.718,114,154,-30.5,-18.1,-41.1,350,245,375,53,"7",33,159,3.49,99,8
"Germaine Pratt","LB","CIN",10,87.1,34.6,1.2,62.9,126,-30.5,-31.8,-33.5,351,351,332,34,"2",56,NA,NA,63,3
"Michael Gallup","WR","DAL",9,135,22.5,0.664,96,158,-31.2,-36.4,-37.2,353,386,348,54,"7",30,132,3.97,82,4
"Da'Ron Payne","DL","WAS",14,40.3,5.09,0.4,37.1,44.1,-31.5,-23,-37.8,355,279,355,55,"6",29,NA,NA,15,4
"Myles Jack","LB","PIT",9,85.9,28.2,1,63.9,117,-31.8,-30.7,-42.4,357,337,386,35,"2",31,NA,6.91,31,6
"D.J. Chark","WR","DET",6,134,37.1,1.23,84.8,183,-31.9,-47.6,-11.9,359,448,205,55,"8",29,136,3.29,96,4
"Derek Barnett","DL","PHI",7,39.9,22.8,0.52,26.1,66.1,-31.9,-33.9,-15.7,360,366,232,56,"6",30,NA,NA,96,5
"Dorance Armstrong","DL","DAL",9,39.4,6.43,0.115,35.3,44.1,-32.5,-24.8,-37.7,364,294,353,57,"6",29,NA,NA,12,4
"Dawuane Smoot","DL","JAC",11,39.3,NA,0.016,NA,NA,-32.6,NA,NA,365,NA,NA,58,"6",31,NA,NA,84,5
"Michael Pierce","DL","BAL",10,39.3,27.4,0.107,13.1,67.2,-32.6,-47,-14.6,366,444,223,59,"6",33,NA,NA,99,6
"D.J. Jones","DL","DEN",9,39.2,3.32,0.705,37,41.6,-32.7,-23,-40.2,368,280,370,60,"6",31,NA,NA,75,5
"Josey Jewell","LB","DEN",9,84.9,22.7,3.51,72.1,111,-32.8,-22.6,-48.9,369,277,430,36,"2",31,NA,3.34,33,4
"Marquez Valdes-Scantling","WR","KC",8,133,20.2,0.673,108,155,-33.1,-23.9,-39.7,370,286,366,56,"8",31,137,3.12,73,4
"Brevin Jordan","TE","HOU",6,86.9,16.9,0.785,69.2,121,-33.4,-37.2,-21.3,372,390,278,27,"9",26,200,2.2,74,1
"Chris Olave","WR","NO",14,132,25.8,3.45,97.1,177,-33.8,-35.3,-17.9,376,378,253,57,"8",26,118,8.47,68,0
"Cameron Brate","TE","TB",11,86.1,30.4,4.62,38.3,127,-34.2,-68.2,-15.5,378,514,229,28,"9",35,148,3.18,97,8
"Trevor Lawrence","QB","JAC",11,278,22.4,7.46,236,303,-34.7,-52.4,-39.9,380,464,368,18,"7",26,138,6.05,47,1
"Darrell Henderson","RB","LAR",7,123,24.7,0.608,92.4,153,-35.5,-37.4,-26.6,384,391,306,40,"9",56,120,5.24,54,3
"Jason Myers","K","SEA",11,109,33.8,4.54,38.9,134,-35.8,-92.8,-19.9,386,581,268,32,"5",35,NA,NA,94,NA
"Kenneth Walker III","RB","SEA",11,122,34.7,4.85,61.6,167,-36.1,-68.3,-12.6,389,515,207,41,"9",25,99.8,10.3,85,0
"Josh Bynes","LB","BAL",10,81.4,31.8,1.07,62.6,118,-36.3,-32.1,-42,390,352,380,37,"2",37,NA,NA,66,11
"George Pickens","WR","PIT",9,129,30.3,1.11,87.4,178,-37.2,-45,-17,400,437,246,58,"8",25,122,8.23,94,0
"David Long","LB","TEN",6,80.4,18.9,0.281,68.3,94.2,-37.3,-26.4,-65.6,401,312,500,38,"2",56,NA,5.09,36,3
"Drue Tranquill","LB","LAC",8,80.1,13.2,0.747,69.2,94.2,-37.6,-25.4,-65.6,403,303,501,39,"2",31,NA,3.86,16,3
"Jarvis Landry","WR","NO",14,128,18.7,1.66,107,152,-38.3,-25.5,-42.6,406,304,387,59,"8",33,143,3.31,52,8
"Nicholas Morrow","LB","CHI",14,79.3,29.6,0.821,54.6,112,-38.4,-40.1,-48,407,409,423,40,"2",31,NA,NA,72,5
"Mo Alie-Cox","TE","IND",14,81.5,7.49,2.75,69.9,88.6,-38.8,-36.5,-53.8,409,388,452,29,"9",32,NA,3.36,14,6
"Rashaan Evans","LB","ATL",14,78.5,17.9,1.04,60.6,93.6,-39.2,-34,-66.2,411,369,503,41,"2",29,NA,2.88,19,4
"Corey Davis","WR","NYJ",10,126,25.9,0.208,97.2,167,-40,-35.2,-27.6,415,377,312,60,"8",31,159,2.84,86,5
"Robby Anderson","WR","CAR",13,126,17.1,3.89,102,147,-40.2,-30.2,-47.6,417,334,418,61,"8",33,158,5.02,59,6
"Dre Greenlaw","LB","SF",9,77.5,16.6,0.485,62.2,94.8,-40.2,-32.5,-65,416,356,497,42,"2",29,NA,NA,15,3
"Alex Anzalone","LB","DET",6,77,26,0.418,61.6,107,-40.7,-33.1,-53,420,359,447,43,"3",31,NA,NA,37,5
"Raheem Mostert","RB","MIA",11,117,16.6,3.76,86,139,-40.9,-43.9,-40.4,423,434,371,42,"9",NA,128,3.21,25,NA
"Damien Wilson","LB","CAR",13,76.6,35.9,0.187,49,117,-41.1,-45.6,-43,426,442,393,44,"3",33,NA,NA,82,7
"Cody Barton","LB","SEA",11,76.4,29,0.345,50.9,107,-41.3,-43.8,-53.3,429,431,449,45,"3",29,NA,6.67,52,3
"C.J. Uzomah","TE","NYJ",10,78.7,20.4,2.16,46.9,108,-41.5,-59.6,-34.6,431,487,338,30,"10",33,NA,2.62,89,7
"Deion Jones","LB","ATL",14,76,26.8,0.459,56.4,93.2,-41.6,-38.3,-66.6,432,396,505,46,"3",31,NA,8.98,76,6
"Matt Judon","LB","NE",10,75.6,34.4,0.587,54.8,115,-42.1,-39.9,-44.9,435,405,399,47,"3",NA,NA,NA,70,6
"Matt Judon","LB","NE",10,75.6,34.4,0.587,54.8,115,-42.1,-39.9,-44.9,435,405,399,47,"3",NA,NA,NA,81,6
"Justin Fields","QB","CHI",14,271,22.7,2.04,240,304,-42.2,-48.9,-38.5,436,451,360,19,"7",27,138,6.06,56,1
"Harold Landry","LB","TEN",6,75,NA,1.28,NA,NA,-42.7,NA,NA,443,NA,NA,48,"3",30,NA,NA,NA,4
"Isaiah Likely","TE","BAL",10,76.5,23.2,5.32,39.6,99.6,-43.7,-66.9,-42.8,450,509,389,31,"10",26,160,4.35,94,0
"Devin Bush","LB","PIT",9,73.7,7.94,3.79,68.1,82.7,-44,-26.5,-77.1,451,316,536,49,"3",28,NA,NA,3,3
"Nico Collins","WR","HOU",6,122,20.2,0.25,91.3,149,-44.1,-41.1,-45.7,453,418,406,62,"8",27,157,2.31,76,1
"Matt Ryan","QB","IND",14,269,12.6,0.278,248,285,-44.2,-40.3,-58.1,454,411,475,20,"7",41,137,6.94,39,14
"Jahan Dotson","WR","WAS",14,122,20.4,0.761,86.9,150,-44.4,-45.5,-44.3,455,440,398,63,"8",26,141,5.28,70,0
"Jameis Winston","QB","NO",14,269,38.8,5.52,193,304,-44.5,-95.7,-38.7,459,594,361,21,"7",32,141,5.75,81,7
"J.D. McKissic","RB","WAS",14,113,19.2,3.59,87.2,146,-44.7,-42.6,-33.7,460,424,333,43,"9",32,141,3.39,38,6
"Garrett Wilson","WR","NYJ",10,121,30.1,1.66,65.9,153,-45.1,-66.5,-42.1,465,506,382,64,"8",26,141,6.3,89,0
"Kenny Golladay","WR","NYG",9,119,16.8,1.45,96,144,-46.8,-36.4,-51.2,471,385,441,65,"8",33,156,2.52,63,5
"Haason Reddick","LB","PHI",7,69.9,33.9,0.704,46.1,108,-47.8,-48.5,-51.4,478,450,442,50,"3",31,NA,NA,67,5
"Haason Reddick","LB","PHI",7,69.9,33.9,0.704,46.1,108,-47.8,-48.5,-51.4,478,450,442,50,"3",31,NA,NA,64,5
"Will Fuller","WR","FA",NA,118,1.7,2.14,117,119,-48.2,-15.7,-75.8,480,229,531,66,"8",32,NA,2.18,80,6
"Nyheim Hines","RB","IND",14,110,20.9,0.157,75.3,138,-48.3,-54.5,-41.1,481,468,376,44,"9",29,127,4.45,37,4
"Jamaal Williams","RB","DET",6,110,10.7,4.51,87.6,120,-48.4,-42.3,-59,483,422,481,45,"10",NA,139,3.62,4,5
"Jayon Brown","LB","LVR",6,69.2,42,0.0128,36.4,116,-48.5,-58.3,-43.7,485,482,394,51,"3",31,NA,NA,87,5
"Jermaine Carter","LB","FA",NA,69.2,58.8,3.4,31.9,113,-48.5,-62.8,-47.1,486,492,416,52,"3",NA,NA,NA,97,4
"Daniel Bellinger","TE","NYG",9,71.2,16.6,0.916,49.9,94,-49,-56.6,-48.3,488,478,425,32,"10",25,109,5.21,77,0
"Adam Trautman","TE","NO",14,70.3,21.8,0.408,41.2,101,-49.9,-65.2,-41.6,494,500,377,33,"10",29,NA,2.62,91,2
"Daniel Jones","QB","NYG",9,263,23.8,1.54,231,294,-50,-57.2,-48.4,495,479,426,22,"7",29,166,4.33,72,3
"Isaiah McKenzie","WR","BUF",7,116,13.4,3.15,96.1,131,-50.4,-36.2,-63.8,497,384,495,67,"9",31,152,3.33,90,5
"Jonnu Smith","TE","NE",10,69.9,16.7,2.56,41,90.8,-50.4,-65.4,-51.5,496,502,443,34,"10",31,NA,3.29,69,5
"Carson Wentz","QB","WAS",14,261,17.6,1.06,243,281,-51.5,-45.1,-62.2,502,438,490,23,"7",33,153,4.83,53,6
"Andrew Van Ginkel","LB","MIA",11,65.8,27.2,0.187,44.2,96,-51.9,-50.4,-63.8,503,456,494,53,"3",31,NA,NA,93,3
"Andrew Van Ginkel","LB","MIA",11,65.8,27.2,0.187,44.2,96,-51.9,-50.4,-63.8,503,456,494,53,"3",31,NA,NA,79,3
"Elandon Roberts","LB","MIA",11,65.6,29.1,0.0115,47.8,99,-52.1,-46.9,-60.9,505,443,488,54,"3",32,NA,NA,39,6
"Joey Bosa","LB","LAC",8,65.6,9.45,0.165,58.5,76.2,-52.1,-36.2,-83.7,506,383,553,55,"3",31,NA,6.26,6,6
"Joey Bosa","LB","LAC",8,65.6,9.45,0.165,58.5,76.2,-52.1,-36.2,-83.7,506,383,553,55,"3",31,NA,6.26,9,6
"Shaquil Barrett","LB","TB",11,65.4,3.79,0.444,63.3,69.8,-52.2,-31.4,-90,507,344,568,56,"3",33,NA,NA,1,8
"Shaquil Barrett","LB","TB",11,65.4,3.79,0.444,63.3,69.8,-52.2,-31.4,-90,507,344,568,56,"3",33,NA,NA,1,8
"Mac Jones","QB","NE",10,260,18.7,5.68,236,287,-52.6,-52.4,-55.5,508,466,462,24,"8",28,147,4.39,64,1
"Anthony Barr","LB","DAL",9,65,23.1,1,50.3,82.1,-52.7,-44.3,-77.8,509,436,538,57,"3",34,NA,NA,42,8
"Kenneth Gainwell","RB","PHI",7,105,21.2,2.83,73.8,130,-52.9,-56.1,-49.2,511,477,434,46,"10",27,127,3.26,49,1
"Kyle Rudolph","TE","TB",11,67.3,19.2,2.2,44.9,97,-52.9,-61.5,-45.3,510,490,405,35,"10",36,NA,2.74,86,11
"Curtis Samuel","WR","WAS",14,112,24.5,1.33,83.5,154,-53.5,-48.9,-41,513,452,374,68,"9",30,NA,2.98,75,5
"Chandler Jones","LB","LVR",6,64,NA,0.529,NA,NA,-53.7,NA,NA,514,NA,NA,58,"3",36,NA,7.01,45,10
"Chandler Jones","LB","LVR",6,64,NA,0.529,NA,NA,-53.7,NA,NA,514,NA,NA,58,"3",36,NA,7.01,73,10
"Von Miller","LB","BUF",7,63.5,8.85,0.214,57.8,70,-54.2,-36.8,-89.8,518,389,566,59,"3",37,NA,8.11,21,11
"Von Miller","LB","BUF",7,63.5,8.85,0.214,57.8,70,-54.2,-36.8,-89.8,518,389,566,59,"3",37,NA,8.11,13,11
"Khalil Mack","LB","LAC",8,63.3,21.2,0.878,40,80.5,-54.4,-54.6,-79.4,519,469,541,60,"3",35,NA,NA,28,8
"Khalil Mack","LB","LAC",8,63.3,21.2,0.878,40,80.5,-54.4,-54.6,-79.4,519,469,541,60,"3",35,NA,NA,27,8
"Kendrick Bourne","WR","NE",10,111,39.1,0.0149,46.5,156,-54.9,-85.9,-38.9,521,556,364,69,"9",31,175,2.17,99,5
"Sterling Shepard","WR","NYG",9,111,31,1.92,65.3,159,-54.9,-67.1,-35.8,522,510,344,70,"9",NA,NA,2.52,92,6
"Tyler Conklin","TE","NYJ",10,65.1,12.9,1.46,50.7,81.5,-55.1,-55.8,-60.8,525,474,486,36,"11",31,NA,3.02,60,4
"Alexander Mattison","RB","MIN",7,102,12.6,2.07,86,121,-55.8,-43.9,-58.4,528,433,478,47,"10",NA,125,4.32,7,3
"Skyy Moore","WR","KC",8,109,35,0.849,54,163,-56.8,-78.4,-31.4,535,539,328,71,"9",25,130,6.15,97,0
"Donovan Peoples-Jones","WR","CLE",9,108,22,0.763,80.4,139,-57.6,-52,-55.6,538,461,464,72,"9",56,177,2.74,69,2
"Rex Burkhead","RB","HOU",6,100,21.7,4.06,70.9,124,-57.8,-58.9,-54.8,539,484,456,48,"10",36,182,2.27,75,9
"Jared Goff","QB","DET",6,255,21.1,12.7,222,286,-58.3,-66.6,-56.7,540,507,470,25,"8",31,152,5.08,67,6
"James Cook","RB","BUF",7,96.1,28.1,2.83,59.7,134,-61.9,-70.2,-45.3,558,517,404,49,"10",26,110,8.38,66,0
"Jerick McKinnon","RB","KC",8,93.3,28.3,3.73,64.8,146,-64.7,-65,-33,573,499,331,50,"10",34,161,2.91,83,8
"Brian Robinson","RB","WAS",14,89.6,33.9,1.77,22.3,124,-68.5,-108,-55.6,589,654,465,51,"10",27,126,6.66,90,0
"Mark Ingram","RB","NO",14,87.8,20.6,1.52,53.2,108,-70.2,-76.7,-71,597,531,516,52,"11",36,144,2.46,55,11
"Baker Mayfield","QB","CAR",13,242,17.1,0.994,221,262,-71,-67.9,-80.3,602,512,544,26,"9",31,149,5.58,58,4
"Rachaad White","RB","TB",11,86.3,14.4,1.14,63.7,106,-71.7,-66.2,-73.5,610,505,521,53,"11",27,135,4.65,30,0
"Davis Mills","QB","HOU",6,241,19.7,24.6,212,263,-72,-76.4,-79.5,611,529,542,27,"10",27,167,5.52,61,1
"Zamir White","RB","LVR",6,85.1,15,5.52,65.9,109,-72.9,-63.9,-70.7,618,495,514,54,"11",26,142,4.44,41,0
"Devontae Booker","RB","FA",NA,79.6,NA,1.72,NA,NA,-78.4,NA,NA,630,NA,NA,55,"11",34,NA,NA,99,6
"Khalil Herbert","RB","CHI",14,77.9,19.8,3.25,42.2,97.3,-80.1,-87.6,-82,638,560,548,56,"11",56,143,3.26,35,1
"DOnta Foreman","RB","CAR",13,74.6,22.7,0.344,44.6,103,-83.4,-85.3,-76.2,648,554,532,57,"11",30,157,2.09,68,5
"Dontrell Hilliard","RB","TEN",6,74.3,16.7,0.351,52.6,101,-83.7,-77.2,-77.9,649,535,539,58,"11",56,174,2.8,79,4
"Darrel Williams","RB","ARI",13,73.9,45.9,0.977,13.4,125,-84.1,-116,-54.1,651,689,455,59,"11",NA,147,2.49,94,4
"Jeffery Wilson","RB","SF",9,73,21.5,0.176,48.8,99.2,-85.1,-81,-80,654,540,543,60,"11",56,173,4.8,72,4
"Isiah Pacheco","RB","KC",8,72.8,36.7,0.0818,26.8,121,-85.2,-103,-58.1,656,632,476,61,"11",27,134,6.83,92,0
"Latavius Murray","RB","FA",NA,72.7,NA,0.41,NA,NA,-85.3,NA,NA,657,NA,NA,62,"11",36,NA,NA,99,9
"Ameer Abdullah","RB","LVR",6,72.3,14.8,0.598,53.5,88.8,-85.7,-76.4,-90.5,658,530,571,63,"11",33,172,2.07,70,7
"Gus Edwards","RB","BAL",10,71.7,13.2,1.83,45.4,82.3,-86.3,-84.5,-96.9,661,551,597,64,"11",31,156,2.6,52,4
"Damien Williams","RB","ATL",14,69.9,32.4,0.913,34.7,124,-88.1,-95.1,-55.3,670,590,461,65,"11",34,164,2.69,86,8
"Mike Davis","RB","BAL",10,69,34,0.051,25.3,108,-89.1,-105,-71.6,675,638,517,66,"11",33,163,2.97,89,7
"Tevin Coleman","RB","FA",NA,68.9,NA,0.245,NA,NA,-89.1,NA,NA,676,NA,NA,67,"11",33,NA,NA,96,7
"Tyler Allgeier","RB","ATL",14,68.7,27.7,0.687,18.7,95.8,-89.4,-111,-83.4,678,664,552,68,"11",26,125,4.36,76,0
"Boston Scott","RB","PHI",7,68,22.6,0.514,35.8,104,-90,-94.1,-75.1,681,585,527,69,"11",31,183,2.25,63,4
"Eno Benjamin","RB","ARI",13,67.5,19.9,0.0547,52.6,106,-90.6,-77.2,-73.3,685,534,520,70,"11",56,175,2.26,80,2
"Duke Johnson","RB","FA",NA,67.4,NA,2.4,NA,NA,-90.6,NA,NA,686,NA,NA,71,"12",32,NA,NA,93,7
"Devonta Freeman","RB","FA",NA,65,NA,2.08,NA,NA,-93,NA,NA,697,NA,NA,72,"12",34,NA,NA,97,8
"Marcus Mariota","QB","ATL",14,216,47.2,14.3,150,278,-96.6,-139,-65.2,722,757,498,28,"11",32,170,6.93,89,7
"Zach Wilson","QB","NYJ",10,202,54.8,2.54,112,257,-111,-176,-85.6,804,759,558,29,"11",27,152,4.71,94,1
"Mitchell Trubisky","QB","PIT",9,200,58.5,24.1,118,285,-113,-171,-57.7,820,758,473,30,"12",32,158,5.11,92,5
"Geno Smith","QB","SEA",11,175,76,13.8,41.2,268,-138,-247,-74.7,890,762,525,31,"13",35,NA,4.07,86,9
"Jacoby Brissett","QB","CLE",9,162,72.5,36,44.5,247,-151,-244,-95.9,971,761,594,32,"14",33,NA,3.98,83,6
"Drew Lock","QB","SEA",11,126,78.1,7.74,26.3,218,-187,-262,-125,1020,764,669,33,"15",29,NA,2.56,99,3
"Deshaun Watson","QB","CLE",9,118,21.1,6.73,93.3,140,-195,-195,-202,1020,760,767,34,"15",30,147,5.59,78,5
"Jimmy Garoppolo","QB","SF",9,111,122,9.84,11.5,250,-202,-277,-92.3,1020,777,575,35,"15",34,NA,5.42,97,8
"Kenny Pickett","QB","PIT",9,101,47.4,33.5,31.3,147,-212,-257,-196,1020,763,766,36,"16",28,119,8.07,75,0
